onset	duration	run_number	trial_number	bar_direction	bar_period	bar_step	stim_noise_ori	trial_offset	stim_stair_val	response_val	probe_time	reaction_time
8047.765184	1.5981612	2	1	9	1	1	3	8049.363345	n/a	n/a	n/a	n/a
8049.363345	1.5997899	2	2	9	1	2	3	8050.963135	n/a	n/a	n/a	n/a
8050.963135	1.5997826	2	3	9	1	3	3	8052.562918	n/a	n/a	n/a	n/a
8052.562918	1.59978	2	4	9	1	4	3	8054.162698	n/a	n/a	n/a	n/a
8054.162698	1.5997737	2	5	9	1	5	3	8055.762471	n/a	n/a	n/a	n/a
8055.762471	1.5997807	2	6	9	1	6	3	8057.362252	n/a	n/a	n/a	n/a
8057.362252	1.5997438	2	7	9	1	7	3	8058.961996	n/a	n/a	n/a	n/a
8058.961996	1.5998199	2	8	9	1	8	3	8060.561816	n/a	n/a	n/a	n/a
8060.561816	1.5998086	2	9	9	1	9	3	8062.161624	n/a	n/a	n/a	n/a
8062.161624	1.59974	2	10	9	1	10	3	8063.761364	n/a	n/a	n/a	n/a
8063.761364	1.5997874	2	11	9	1	11	3	8065.361152	n/a	n/a	n/a	n/a
8065.361152	1.5997683	2	12	9	1	12	3	8066.96092	n/a	n/a	n/a	n/a
8066.96092	1.5997805	2	13	9	1	13	3	8068.560701	n/a	n/a	n/a	n/a
8068.560701	1.5997945	2	14	9	1	14	3	8070.160495	n/a	n/a	n/a	n/a
8070.160495	1.5997734	2	15	9	1	15	3	8071.760268	n/a	n/a	n/a	n/a
8071.760268	1.5997776	2	16	9	1	16	3	8073.360046	n/a	n/a	n/a	n/a
8073.360046	1.5997666	2	17	1	2	1	1	8074.959813	10	n/a	8073.859973	n/a
8074.959813	1.5997838	2	18	1	2	2	2	8076.559596	10	n/a	8075.459749	n/a
8076.559596	1.5997782	2	19	1	2	3	1	8078.159375	10	n/a	8077.059536	n/a
8078.159375	1.599774	2	20	1	2	4	2	8079.759149	10	0	8078.659308	0.9104558
8079.759149	1.5996763	2	21	1	2	5	1	8081.358825	11	0	8080.25909	0.9044539
8081.358825	1.5998789	2	22	1	2	6	2	8082.958704	12	1	8081.858858	0.911925
8082.958704	1.5997448	2	23	1	2	7	1	8084.558449	12	1	8083.458613	0.9115074
8084.558449	1.5998127	2	24	1	2	8	1	8086.158261	12	1	8085.05842	0.9106437
8086.158261	1.5997847	2	25	1	2	9	1	8087.758046	11	1	8086.658196	1.0131181
8087.758046	1.5997762	2	26	1	2	10	1	8089.357822	11	1	8088.257969	0.9143538
8089.357822	1.5997672	2	27	1	2	11	1	8090.957589	11	1	8089.857797	0.8165810745
8090.957589	1.5997761	2	28	1	2	12	2	8092.557365	10	1	8091.457511	0.8112762
8092.557365	1.5997838	2	29	1	2	13	1	8094.157149	10	1	8093.057295	0.7110126
8094.157149	1.5997774	2	30	1	2	14	2	8095.756927	10	1	8094.657073	0.8131019
8095.756927	1.5997651	2	31	1	2	15	1	8097.356692	9	1	8096.256808	0.8106098
8097.356692	1.5998007	2	32	1	2	16	1	8098.956493	9	1	8097.856596	0.9113791
8098.956493	1.5996923	2	33	1	2	17	1	8100.556185	9	1	8099.456415	0.9106205
8100.556185	1.5998303	2	34	1	2	18	2	8102.156015	8	1	8101.056175	0.813911
8102.156015	1.5997968	2	35	1	2	19	2	8103.755812	8	1	8102.655979	0.8102304
8103.755812	1.5996579	2	36	1	2	20	2	8105.35547	8	1	8104.25573	0.8114476
8105.35547	1.5999086	2	37	1	2	21	1	8106.955378	7	1	8105.855546	0.6109143
8106.955378	1.5997878	2	38	1	2	22	2	8108.555166	7	1	8107.455319	0.7106078
8108.555166	1.5997786	2	39	1	2	23	1	8110.154945	7	1	8109.055126	0.6102891436
8110.154945	1.5997764	2	40	1	2	24	2	8111.754721	6	1	8110.654876	0.5105327
8111.754721	1.599817056	2	41	1	2	25	2	8113.354538	6	1	8112.254652	0.6111596
8113.354538	1.599739244	2	42	1	2	26	1	8114.954277	6	1	8113.854436	0.7090263
8114.954277	1.5997659	2	43	1	2	27	1	8116.554043	5	0	8115.454197	0.810644
8116.554043	1.599837504	2	44	1	2	28	1	8118.153881	6	1	8117.053997	0.7175041
8118.153881	1.599736196	2	45	1	2	29	2	8119.753617	6	1	8118.653751	0.6170325
8119.753617	1.5997807	2	46	1	2	30	1	8121.353398	6	1	8120.253541	0.727338
8121.353398	1.599771	2	47	1	2	31	2	8122.953169	5	1	8121.853298	0.6273136
8122.953169	1.5997639	2	48	1	2	32	1	8124.552933	5	1	8123.453098	0.5263593
8124.552933	1.5997999	2	49	9	3	1	3	8126.152733	n/a	n/a	n/a	n/a
8126.152733	1.5997787	2	50	9	3	2	3	8127.752511	n/a	n/a	n/a	n/a
8127.752511	1.5997733	2	51	9	3	3	3	8129.352285	n/a	n/a	n/a	n/a
8129.352285	1.5997755	2	52	9	3	4	3	8130.95206	n/a	n/a	n/a	n/a
8130.95206	1.5997769	2	53	9	3	5	3	8132.551837	n/a	n/a	n/a	n/a
8132.551837	1.5997748	2	54	9	3	6	3	8134.151612	n/a	n/a	n/a	n/a
8134.151612	1.5997957	2	55	9	3	7	3	8135.751407	n/a	n/a	n/a	n/a
8135.751407	1.5997698	2	56	9	3	8	3	8137.351177	n/a	n/a	n/a	n/a
8137.351177	1.5997879	2	57	9	3	9	3	8138.950965	n/a	n/a	n/a	n/a
8138.950965	1.5997831	2	58	9	3	10	3	8140.550748	n/a	n/a	n/a	n/a
8140.550748	1.5997403	2	59	9	3	11	3	8142.150489	n/a	n/a	n/a	n/a
8142.150489	1.5997544	2	60	9	3	12	3	8143.750243	n/a	n/a	n/a	n/a
8143.750243	1.5996584	2	61	9	3	13	3	8145.349901	n/a	n/a	n/a	n/a
8145.349901	1.5999224	2	62	9	3	14	3	8146.949824	n/a	n/a	n/a	n/a
8146.949824	1.5995852	2	63	9	3	15	3	8148.549409	n/a	n/a	n/a	n/a
8148.549409	1.5999723	2	64	9	3	16	3	8150.149381	n/a	n/a	n/a	n/a
8150.149381	1.5997965	2	65	3	4	1	1	8151.749178	5	1	8150.649311	0.625025
8151.749178	1.5997864	2	66	3	4	2	1	8153.348964	4	1	8152.249114	0.61769
8153.348964	1.5997856	2	67	3	4	3	2	8154.94875	4	1	8153.84889	0.7367163
8154.94875	1.5997596	2	68	3	4	4	2	8156.548509	4	1	8155.448674	0.6306373
8156.548509	1.5997937	2	69	3	4	5	2	8158.148303	3	1	8157.04848	0.6197482
8158.148303	1.5997871	2	70	3	4	6	1	8159.74809	3	1	8158.648231	0.7317689
8159.74809	1.5997641	2	71	3	4	7	1	8161.347854	3	1	8160.248015	0.6321759
8161.347854	1.5997757	2	72	3	4	8	1	8162.94763	2	0	8161.847765	0.7181036
8162.94763	1.5997795	2	73	3	4	9	2	8164.547409	3	n/a	8163.447572	n/a
8164.547409	1.5997822	2	74	3	4	10	1	8166.147192	3	n/a	8165.047354	n/a
8166.147192	1.5997765	2	75	3	4	11	2	8167.746968	3	n/a	8166.647128	n/a
8167.746968	1.599786	2	76	3	4	12	2	8169.346754	3	n/a	8168.246899	n/a
8169.346754	1.5997799	2	77	3	4	13	2	8170.946534	3	n/a	8169.846704	n/a
8170.946534	1.5997753	2	78	3	4	14	1	8172.546309	3	n/a	8171.446508	n/a
8172.546309	1.5997927	2	79	3	4	15	1	8174.146102	3	n/a	8173.046244	n/a
8174.146102	1.5997781	2	80	3	4	16	1	8175.74588	3	n/a	8174.646019	n/a
8175.74588	1.5997675	2	81	3	4	17	1	8177.345648	3	n/a	8176.2458	n/a
8177.345648	1.5997362	2	82	3	4	18	2	8178.945384	3	n/a	8177.84557	n/a
8178.945384	1.5998192	2	83	3	4	19	1	8180.545203	3	n/a	8179.445362	n/a
8180.545203	1.5997792	2	84	3	4	20	2	8182.144982	3	n/a	8181.044963	n/a
8182.144982	1.5997767	2	85	3	4	21	1	8183.744759	3	n/a	8182.644919	n/a
8183.744759	1.5997855	2	86	3	4	22	2	8185.344544	3	n/a	8184.244692	n/a
8185.344544	1.5997694	2	87	3	4	23	1	8186.944314	3	n/a	8185.844471	n/a
8186.944314	1.5997778	2	88	3	4	24	2	8188.544092	3	n/a	8187.44425	n/a
8188.544092	1.5997834	2	89	3	4	25	1	8190.143875	3	n/a	8189.044018	n/a
8190.143875	1.599772	2	90	3	4	26	2	8191.743647	3	n/a	8190.643818	n/a
8191.743647	1.5997708	2	91	3	4	27	1	8193.343418	3	n/a	8192.243566	n/a
8193.343418	1.599776	2	92	3	4	28	1	8194.943194	3	n/a	8193.843346	n/a
8194.943194	1.5997764	2	93	3	4	29	1	8196.54297	3	n/a	8195.443122	n/a
8196.54297	1.5996775	2	94	3	4	30	2	8198.142648	3	n/a	8197.042897	n/a
8198.142648	1.5998759	2	95	3	4	31	2	8199.742524	3	n/a	8198.642527	n/a
8199.742524	1.599792	2	96	3	4	32	2	8201.342316	3	n/a	8200.242455	n/a
8201.342316	1.5997822	2	97	9	5	1	3	8202.942098	n/a	n/a	n/a	n/a
8202.942098	1.5997799	2	98	9	5	2	3	8204.541878	n/a	n/a	n/a	n/a
8204.541878	1.5997952	2	99	9	5	3	3	8206.141673	n/a	n/a	n/a	n/a
8206.141673	1.5997632	2	100	9	5	4	3	8207.741436	n/a	n/a	n/a	n/a
8207.741436	1.5997874	2	101	9	5	5	3	8209.341224	n/a	n/a	n/a	n/a
8209.341224	1.5997788	2	102	9	5	6	3	8210.941002	n/a	n/a	n/a	n/a
8210.941002	1.5997315	2	103	9	5	7	3	8212.540734	n/a	n/a	n/a	n/a
8212.540734	1.5998206	2	104	9	5	8	3	8214.140554	n/a	n/a	n/a	n/a
8214.140554	1.5997926	2	105	9	5	9	3	8215.740347	n/a	n/a	n/a	n/a
8215.740347	1.5997731	2	106	9	5	10	3	8217.34012	n/a	n/a	n/a	n/a
8217.34012	1.5997672	2	107	9	5	11	3	8218.939887	n/a	n/a	n/a	n/a
8218.939887	1.599782	2	108	9	5	12	3	8220.539669	n/a	n/a	n/a	n/a
8220.539669	1.5997943	2	109	9	5	13	3	8222.139464	n/a	n/a	n/a	n/a
8222.139464	1.5997683	2	110	9	5	14	3	8223.739232	n/a	n/a	n/a	n/a
8223.739232	1.5997806	2	111	9	5	15	3	8225.339013	n/a	n/a	n/a	n/a
8225.339013	1.599829369	2	112	9	5	16	3	8226.938842	n/a	n/a	n/a	n/a
8226.938842	1.599718331	2	113	5	6	1	1	8228.53856	3	0	8227.438723	0.8165817
8228.53856	1.5997925	2	114	5	6	2	2	8230.138353	4	0	8229.038498	0.8229211
8230.138353	1.5997753	2	115	5	6	3	1	8231.738128	5	1	8230.638274	0.720866
8231.738128	1.5997738	2	116	5	6	4	1	8233.337902	5	0	8232.238061	0.8184555
8233.337902	1.5997942	2	117	5	6	5	2	8234.937696	6	n/a	8233.837841	n/a
8234.937696	1.599776	2	118	5	6	6	1	8236.537472	6	n/a	8235.437414	n/a
8236.537472	1.5997306	2	119	5	6	7	2	8238.137203	6	1	8237.037237	1.0194107
8238.137203	1.5998215	2	120	5	6	8	2	8239.737024	6	1	8238.637178	0.9191447
8239.737024	1.5997569	2	121	5	6	9	1	8241.336781	6	0	8240.236948	0.819192
8241.336781	1.5997752	2	122	5	6	10	1	8242.936556	7	0	8241.836713	0.8189123
8242.936556	1.5997821	2	123	5	6	11	2	8244.536338	8	1	8243.436494	0.7190413
8244.536338	1.5996365	2	124	5	6	12	2	8246.135975	8	1	8245.036298	0.8190689
8246.135975	1.599921	2	125	5	6	13	2	8247.735896	8	1	8246.636027	0.719351
8247.735896	1.5997787	2	126	5	6	14	1	8249.335675	7	1	8248.235745	0.7190498
8249.335675	1.599781	2	127	5	6	15	2	8250.935456	7	1	8249.835617	0.8145779
8250.935456	1.5997902	2	128	5	6	16	1	8252.535246	7	0	8251.435383	0.9205123
8252.535246	1.5997899	2	129	5	6	17	2	8254.135036	8	1	8253.035192	0.9201109
8254.135036	1.5997751	2	130	5	6	18	2	8255.734811	8	1	8254.634961	0.9202021
8255.734811	1.5997896	2	131	5	6	19	1	8257.3346	8	1	8256.234742	0.7159988
8257.3346	1.5997657	2	132	5	6	20	1	8258.934366	7	1	8257.834535	0.6159163
8258.934366	1.5997816	2	133	5	6	21	2	8260.534148	7	1	8259.434298	0.6199408
8260.534148	1.599821735	2	134	5	6	22	1	8262.133969	7	1	8261.034083	0.715595
8262.133969	1.599739065	2	135	5	6	23	2	8263.733708	6	0	8262.633824	0.7198869
8263.733708	1.5997884	2	136	5	6	24	2	8265.333497	7	1	8264.233648	0.6197486
8265.333497	1.5997768	2	137	5	6	25	2	8266.933274	7	1	8265.833406	0.8195233
8266.933274	1.5995983	2	138	5	6	26	2	8268.532872	7	0	8267.433196	0.8221386
8268.532872	1.600009956	2	139	5	6	27	1	8270.132882	8	1	8269.033018	0.5155369436
8270.132882	1.599739544	2	140	5	6	28	1	8271.732621	8	1	8270.632762	0.9221231
8271.732621	1.5997634	2	141	5	6	29	1	8273.332385	8	n/a	8272.232546	n/a
8273.332385	1.5997856	2	142	5	6	30	1	8274.932171	8	n/a	8273.832319	n/a
8274.932171	1.5997694	2	143	5	6	31	2	8276.53194	8	n/a	8275.432096	n/a
8276.53194	1.599582	2	144	5	6	32	2	8278.131522	8	1	8277.031882	0.9143132
8278.131522	1.5999491	2	145	9	7	1	3	8279.731471	n/a	n/a	n/a	n/a
8279.731471	1.5998143	2	146	9	7	2	3	8281.331285	n/a	n/a	n/a	n/a
8281.331285	1.5997861	2	147	9	7	3	3	8282.931071	n/a	n/a	n/a	n/a
8282.931071	1.5997644	2	148	9	7	4	3	8284.530836	n/a	n/a	n/a	n/a
8284.530836	1.5997867	2	149	9	7	5	3	8286.130623	n/a	n/a	n/a	n/a
8286.130623	1.5997852	2	150	9	7	6	3	8287.730408	n/a	n/a	n/a	n/a
8287.730408	1.5997656	2	151	9	7	7	3	8289.330173	n/a	n/a	n/a	n/a
8289.330173	1.5997764	2	152	9	7	8	3	8290.92995	n/a	n/a	n/a	n/a
8290.92995	1.5997742	2	153	9	7	9	3	8292.529724	n/a	n/a	n/a	n/a
8292.529724	1.5997667	2	154	9	7	10	3	8294.129491	n/a	n/a	n/a	n/a
8294.129491	1.5997888	2	155	9	7	11	3	8295.729279	n/a	n/a	n/a	n/a
8295.729279	1.5997799	2	156	9	7	12	3	8297.329059	n/a	n/a	n/a	n/a
8297.329059	1.5997757	2	157	9	7	13	3	8298.928835	n/a	n/a	n/a	n/a
8298.928835	1.5997878	2	158	9	7	14	3	8300.528623	n/a	n/a	n/a	n/a
8300.528623	1.599766	2	159	9	7	15	3	8302.128389	n/a	n/a	n/a	n/a
8302.128389	1.5998089	2	160	9	7	16	3	8303.728198	n/a	n/a	n/a	n/a
8303.728198	1.599815535	2	161	7	8	1	2	8305.328013	7	1	8304.228129	0.4161628
8305.328013	1.599746765	2	162	7	8	2	1	8306.92776	7	1	8305.827897	0.5232508
8306.92776	1.5997626	2	163	7	8	3	2	8308.527523	7	1	8307.427683	0.4234381
8308.527523	1.5997929	2	164	7	8	4	1	8310.127315	6	1	8309.02746	0.4176081
8310.127315	1.599805	2	165	7	8	5	1	8311.72712	6	0	8310.627246	0.3175266
8311.72712	1.599793947	2	166	7	8	6	2	8313.326914	7	0	8312.227017	0.2179694
8313.326914	1.599731753	2	167	7	8	7	1	8314.926646	8	0	8313.826788	0.3258847
8314.926646	1.5997749	2	168	7	8	8	2	8316.526421	9	0	8315.426555	0.3180832
8316.526421	1.5997906	2	169	7	8	9	1	8318.126212	10	1	8317.026366	0.3161649
8318.126212	1.5997798	2	170	7	8	10	2	8319.725991	10	1	8318.625946	0.5214043
8319.725991	1.5997794	2	171	7	8	11	2	8321.325771	10	1	8320.225914	0.721682
8321.325771	1.5997874	2	172	7	8	12	2	8322.925558	9	1	8321.825706	0.7264577
8322.925558	1.5997624	2	173	7	8	13	1	8324.525321	9	1	8323.425475	0.8170171
8324.525321	1.5997834	2	174	7	8	14	2	8326.125104	9	1	8325.025264	0.8270979
8326.125104	1.5997766	2	175	7	8	15	1	8327.724881	8	1	8326.62504	0.8192522
8327.724881	1.5997879	2	176	7	8	16	2	8329.324669	8	1	8328.22482	0.7194318
8329.324669	1.5997803	2	177	7	8	17	2	8330.924449	8	1	8329.824597	0.7168377
8330.924449	1.5997748	2	178	7	8	18	1	8332.524224	7	1	8331.424371	0.8186106
8332.524224	1.5997999	2	179	7	8	19	1	8334.124024	7	1	8333.024151	0.81655
8334.124024	1.5997616	2	180	7	8	20	2	8335.723785	7	1	8334.623938	0.7164949
8335.723785	1.5997822	2	181	7	8	21	2	8337.323567	6	1	8336.223717	0.6173132
8337.323567	1.5997773	2	182	7	8	22	1	8338.923345	6	1	8337.823537	0.7204013
8338.923345	1.5997815	2	183	7	8	23	1	8340.523126	6	1	8339.423276	0.7172806
8340.523126	1.5997637	2	184	7	8	24	2	8342.12289	5	1	8341.023049	0.7209438
8342.12289	1.5997651	2	185	7	8	25	1	8343.722655	5	1	8342.622815	0.7074869
8343.722655	1.5997905	2	186	7	8	26	2	8345.322445	5	1	8344.222588	1.0158327
8345.322445	1.5996713	2	187	7	8	27	2	8346.922117	4	n/a	8345.822379	n/a
8346.922117	1.5998997	2	188	7	8	28	2	8348.522016	4	n/a	8347.422151	n/a
8348.522016	1.5997697	2	189	7	8	29	1	8350.121786	4	n/a	8349.021814	n/a
8350.121786	1.5997722	2	190	7	8	30	2	8351.721558	4	n/a	8350.621707	n/a
8351.721558	1.59979	2	191	7	8	31	2	8353.321348	4	n/a	8352.221498	n/a
8353.321348	1.5997921	2	192	7	8	32	1	8354.921141	4	n/a	8353.821291	n/a
8354.921141	1.5997761	2	193	9	9	1	3	8356.520917	n/a	n/a	n/a	n/a
8356.520917	1.5997816	2	194	9	9	2	3	8358.120698	n/a	n/a	n/a	n/a
8358.120698	1.5997803	2	195	9	9	3	3	8359.720478	n/a	n/a	n/a	n/a
8359.720478	1.599818678	2	196	9	9	4	3	8361.320297	n/a	n/a	n/a	n/a
8361.320297	1.599743822	2	197	9	9	5	3	8362.920041	n/a	n/a	n/a	n/a
8362.920041	1.5998165	2	198	9	9	6	3	8364.519857	n/a	n/a	n/a	n/a
8364.519857	1.5997354	2	199	9	9	7	3	8366.119593	n/a	n/a	n/a	n/a
8366.119593	1.5997869	2	200	9	9	8	3	8367.71938	n/a	n/a	n/a	n/a
8367.71938	1.5997804	2	201	9	9	9	3	8369.31916	n/a	n/a	n/a	n/a
8369.31916	1.5997782	2	202	9	9	10	3	8370.918938	n/a	n/a	n/a	n/a
8370.918938	1.5997712	2	203	9	9	11	3	8372.51871	n/a	n/a	n/a	n/a
8372.51871	1.5998013	2	204	9	9	12	3	8374.118511	n/a	n/a	n/a	n/a
8374.118511	1.5997614	2	205	9	9	13	3	8375.718272	n/a	n/a	n/a	n/a
8375.718272	1.599792	2	206	9	9	14	3	8377.318064	n/a	n/a	n/a	n/a
8377.318064	1.5997729	2	207	9	9	15	3	8378.917837	n/a	n/a	n/a	n/a
8378.917837	1.5996825	2	208	9	9	16	3	8380.51752	n/a	n/a	n/a	n/a
